Neighborhood,Price,Bedrooms,Bathrooms,House Size,Description,Neighborhood Description
Sunset Heights,"$650,000",4,3,"2,500 sqft","Step into luxury living in Sunset Heights with this stunning 4-bedroom, 3-bathroom home. The spacious open floor plan features high ceilings, a gourmet kitchen with top-of-the-line appliances, and a master suite with a spa-like bathroom. Enjoy breathtaking sunset views from the backyard oasis complete with a pool, hot tub, and outdoor kitchen. Perfect for entertaining or relaxing in style.","Sunset Heights is known for its upscale vibe and vibrant nightlife. Explore trendy restaurants, boutiques, and art galleries along Sunset Boulevard. With easy access to hiking trails and parks, outdoor enthusiasts will love living in this bustling neighborhood."
Oakwood Estates,"$1,200,000",5,4,"3,800 sqft","Welcome to your dream home in Oakwood Estates! This elegant 5-bedroom, 4-bathroom residence exudes luxury with custom finishes, a grand staircase, and a gourmet chef's kitchen. The expansive backyard features a pool, spa, and outdoor fireplace, perfect for year-round entertaining. Experience the epitome of sophistication and comfort in this prestigious neighborhood.","Oakwood Estates is a prestigious enclave known for its upscale homes and manicured streets. Enjoy easy access to golf courses, country clubs, and exclusive shopping destinations. With top-rated schools and a tight-knit community, Oakwood Estates offers the ultimate in luxury living."
Lakeview Terrace,"$500,000",3,2,"1,800 sqft","Nestled in the tranquil neighborhood of Lakeview Terrace, this charming 3-bedroom, 2-bathroom home offers a peaceful retreat from the hustle and bustle of city life. The cozy living room features a fireplace, perfect for chilly evenings, and the backyard boasts a deck with stunning lake views. Whether you're relaxing indoors or enjoying the outdoors, this home is the perfect blend of comfort and serenity.","Lakeview Terrace is a hidden gem known for its scenic views and outdoor recreation opportunities. Residents can enjoy boating, fishing, and hiking in the nearby lake and park. With a strong sense of community and a peaceful atmosphere, Lakeview Terrace is the ideal escape from city living."
Mountain Ridge,"$750,000",4,3,"2,300 sqft","Discover mountain living at its finest in this 4-bedroom, 3-bathroom home in Mountain Ridge. The open-concept floor plan features a cozy fireplace, a chef's kitchen with granite countertops, and a spacious master suite with a private balcony. Enjoy breathtaking mountain views from the backyard patio, perfect for outdoor dining and relaxation. Experience the beauty of nature right at your doorstep.","Mountain Ridge is a nature lover's paradise with access to hiking trails, ski resorts, and scenic overlooks. Residents can enjoy outdoor activities year-round, from skiing in the winter to hiking in the summer. With a close-knit community and stunning natural surroundings, Mountain Ridge offers a peaceful retreat from city life."
Harbor Pointe,"$900,000",4,3,"2,700 sqft","Live the waterfront lifestyle in Harbor Pointe with this 4-bedroom, 3-bathroom home overlooking the marina. The light-filled living spaces feature hardwood floors, a gourmet kitchen, and a spacious master suite with water views. Relax on the rooftop terrace with panoramic views of the harbor, perfect for watching sailboats and sunsets. Experience luxury coastal living at its best.","Harbor Pointe is a boater's paradise with easy access to marinas, yacht clubs, and waterfront dining. Residents can enjoy water sports, fishing, and boat cruises right outside their doorstep. With a vibrant waterfront community and a variety of amenities, Harbor Pointe offers the ultimate in coastal living."
Maple Grove,"$550,000",3,2,"1,600 sqft","Welcome home to Maple Grove, a charming neighborhood with tree-lined streets and a strong sense of community. This 3-bedroom, 2-bathroom home features a bright and airy living room, a remodeled kitchen with stainless steel appliances, and a private backyard with a deck for outdoor entertaining. Enjoy the peaceful surroundings and convenience of living in this family-friendly neighborhood.","Maple Grove is a family-friendly neighborhood with top-rated schools, parks, and community events. Residents can enjoy local farmers markets, festivals, and playgrounds within walking distance. With a close-knit community and a variety of amenities, Maple Grove is the perfect place to call home."
Pinecrest Heights,"$700,000",4,3,"2,400 sqft","Experience modern living in Pinecrest Heights with this 4-bedroom, 3-bathroom home featuring sleek design and high-end finishes. The open-concept living spaces showcase a designer kitchen, a luxurious master suite, and a private backyard with a fire pit and outdoor dining area. Embrace contemporary living in this stylish and sophisticated neighborhood.","Pinecrest Heights is a trendy neighborhood known for its modern architecture and upscale amenities. Residents can enjoy boutique shopping, gourmet dining, and cultural attractions nearby. With a vibrant arts scene and a central location, Pinecrest Heights offers a dynamic urban lifestyle."
Riverfront Estates,"$1,500,000",5,4,"4,000 sqft","Indulge in luxury living in Riverfront Estates with this exquisite 5-bedroom, 4-bathroom home situated on the banks of the river. The grand foyer leads to a formal living room, a gourmet kitchen with a breakfast nook, and a master suite with a private balcony overlooking the water. Relax in the landscaped backyard with a pool, spa, and outdoor kitchen, perfect for entertaining in style.","Riverfront Estates is an exclusive waterfront community known for its upscale homes and picturesque views. Residents can enjoy boating, fishing, and water activities right from their backyard. With easy access to downtown amenities and a serene riverfront setting, Riverfront Estates offers the ultimate in luxury waterfront living."
Valley View,"$600,000",3,2,"2,000 sqft","Escape to the peaceful neighborhood of Valley View with this 3-bedroom, 2-bathroom home nestled on a quiet cul-de-sac. The cozy living room features a fireplace, the updated kitchen boasts quartz countertops, and the backyard offers a tranquil retreat with a deck and mature trees. Enjoy the serenity and charm of Valley View living.","Valley View is a hidden gem known for its quiet streets and scenic views of the valley. Residents can enjoy hiking trails, parks, and local shops in this close-knit community. With a strong sense of community and a peaceful atmosphere, Valley View offers a relaxed and laid-back lifestyle."
Meadowbrook Heights,"$850,000",4,3,"2,800 sqft","Discover the beauty of Meadowbrook Heights with this 4-bedroom, 3-bathroom home boasting stunning mountain views. The light-filled living spaces feature hardwood floors, a gourmet kitchen with granite countertops, and a master suite with a spa-like bathroom. Relax in the landscaped backyard with a patio and fire pit, perfect for outdoor entertaining or quiet evenings at home.","Meadowbrook Heights is a peaceful neighborhood surrounded by nature and outdoor recreation opportunities. Residents can enjoy hiking, biking, and picnicking in the nearby parks and trails. With a strong sense of community and a love for the outdoors, Meadowbrook Heights offers a serene and picturesque setting for families and nature enthusiasts."
